Parameter,Value
Path,/Users/rashbir/Desktop/Sidekicker/LaurenceWhite/Webapp/pdf_analyst_webapp/webapp/media/documents/20061108_Dean-Willcocks_v_Companies_Auditors_and_Liquidators_Disciplinary_Boar_3QKzDF7.pdf
File Size,138.299 KB (138299 bytes)
Most Recent Access,2020-09-29 23:13:25
Most Recent Content Change,2020-09-29 23:13:22
Most Recent Metadata Change,2020-09-29 23:13:24
MD5 Hash,a82fb7ed525f44cea867e843de7b6960
SHA1 Hash,41dad2862044c3e50202455fbe0857522177e36b
SHA224 Hash,e99383dfe7cbf0db3b9610e2841959a906e2c779431938fb59a80c20
SHA256 Hash,01ca423afb8c5d5f446bf8ff4649fe53f2940d32b035e4953fae3000a4aa700c
SHA384 Hash,c55c38f1bb64089e94a148997dcb05fa21e50f39892ca2901976dd91711706d5c632af28b79dbfb6db71d9af2d09909c
SHA512 Hash,27886c4c34cb3fb61ad333d61602c001a4cc7b2b28a0093389dc44df5879ae0c13846faee50c6bb4f0c7d28232b96e65c79ec4ecf9084103c51ddbe63043cac9
